index,info
1,"b'OH YEAHHH Lets, try an evening stream!\n.\nhttps://t.co/1A6fJc826Z\n.\n#TwitchStreamers #twitch #StreamerCommunity #eveningstream #holyhell #theworldisending https://t.co/lLmeHbFriq'"
2,"b""I know what the game is. But I'm not telling. Come find out yourself nerd.\n\nhttps://t.co/nNOf4HRuhn https://t.co/NSwUtwYIY9"""
3,"b""Freaky on a Fri- I mean Monday Night Movin' https://t.co/L66MhFGw25"""
4,b'Pull up fam!!! https://t.co/YvWRzjnW1V https://t.co/y1ren3G5PD'
5,b'Join the stream! @ Noah_Domangue on Twitch! https://t.co/McjHy111wh'
6,"b""IM GONNA BE HONNEST, THIS HOT TUB META IS BY FAR THE MOST PATHETIC THING WE'VE SEEN ON TWITCH IN FOREVER. WHAT A SAD REALITY. PLEASE GET THIS TRASH OFF THE FRONTPAGE"""
7,"b'@juninya_vt I can agree with banning kids that are too young to be on the platform, ( for twitch it\xe2\x80\x99s 13 and under) I have met some 14-17 year olds that are mature, so banning them off rip for being under 18 is a bit harsh even if they meet that one standard. But def ban the actual kids.'"
8,b'WE LIVEEE!!!\n\nMedia Talent:\n\xf0\x9f\x93\xb9: @QuantaScript \n\xf0\x9f\x8e\x99\xef\xb8\x8f: @ViewtifulCrow \n\xf0\x9f\x93\x8a: @PwnStarShibby \n\nhttps://t.co/shuESNivDP https://t.co/StJbuuFwPW'
9,"b""Didn't get to the hotness earlier but it's time for Darshik's UR Time of the Ice Giants Breach deck, followed by dredge? Or maybe I can be talked out of the dark side. Come harass me at https://t.co/N0Dbbcu14y https://t.co/9hH04PduUQ"""
10,b'[Ibuki] Sets - I miss the mix https://t.co/rrlICtgAR7'
11,b'\xf0\x9f\x8d\xa8VERY CHAOTIC INFOSHEET\xf0\x9f\x8d\xa8\n\nLinks:\n\xf0\x9f\x8d\xa8Twitch: https://t.co/o5HslEUk7u\n\xf0\x9f\x8d\xa8Youtube: https://t.co/jbHLiAwSIY\n\xf0\x9f\x8d\xa8Soundcloud: https://t.co/Kg0GA8AkmI https://t.co/z6sCnTZZPG'
12,b'Sup. Streamin https://t.co/1PlsiK5ynN https://t.co/aHXZrZYCx9'
13,"b'So I\xe2\x80\x99m drained and tired so I\xe2\x80\x99m probably not going to be around twitter for today and maybe tomorrow because exhaustion.\n\nI\xe2\x80\x99ll be hanging out around twitch or discord though, but probably lurking.'"
14,b'Stream is starting!!! Please come support me as I build my community! Give me a follow as well!  https://t.co/AyqJGfFT3C #COD #battleroyale'
15,b'Movie Night!! Then will see what happen next [Vtuber] !giveaway https://t.co/8zFtbsBDC5\n#twitchstreamer #twitchaffiliate #smallstreamer #vtuber'
16,b'@AmselWyvern uhm hi Amsel! i always appreciate a raid so feel free to check it out! https://t.co/lzRm2WCYcl'
17,b'second dose blues :0 https://t.co/tnkM3T0hO5'
18,b'Playing some Valorant![ENVtuber]!discord https://t.co/yQ21B1rEDw #Vtuber #ENVtuber'
19,b'@tubbotopia okay so give me your twitch'
20,"b""Wanna help me out with a follow? Preciate' it! https://t.co/PW4J1abmSV"""
21,b'Even though today\xe2\x80\x99s been shit. We live as promised https://t.co/LuHK0AjlUB'
22,b'Stream starting up in a few minutes! Playing more Monster Hunter Rise on https://t.co/pm7uWmnAZ7 #twitch #MonsterHunterRise https://t.co/jDyG7ddWp1'
23,b'VALO EXP GRIND sheeeeeeeeeeeee~ https://t.co/gK8qTEGgTz'
24,b'@hobbes_56 @esamarathon @kaspersky @elgato @Twitch @NordVPN @Displate @ViewSonicGaming Ohhh true you right'
25,b'BIG STACK in the $15K (New Sub Button) !delay !emotes https://t.co/tJn9zFspKU'
26,b'Viewers get to pick a pokemon name(Starting with valorant) https://t.co/wjx95lV6vb\n #smallstreamer \n#SmallStreamersConnect\n#SupportSmallStreams \n#SupportSmallStreamers\n@BlazedRTs\n\n@sme_rt\n\n@FmC_RTs\n\n@PromoteAMGamers\n\n@rtsmallstreams\n\n@SupStreamers\n\n@promo_streams\n\n@SupStreamersRt'
27,"b'Right now! Falcon &amp; the Monday Soldier discussion time on the channel, as I try and totally fail to choose a favorite scene from this week!\n\nhttps://t.co/AS6KW8TVB7 https://t.co/JnkfPCYcl2'"
28,b'Feeling kinda cute for stream https://t.co/p6Iqptr2JO https://t.co/Sh2oweVpD0'
29,b'hello. am live now :^) https://t.co/efcNghjpIJ'
30,b'Lets game #Warzone #twitch #gaming #CallofDuty #SmallStreamersConnect https://t.co/1QuuxIGzcc'
31,"b""@AmselWyvern Heyo, Smol here over at https://t.co/UpnarsIWkM ! I'm a queer minecraft streamer with a wacky vibe. It would be super pog of you to check me out!"""
32,b'starting early to chat a bit and then detroit &lt;3 https://t.co/53ym3rRqb9'
33,b'gta bitchless https://t.co/hfoZ6FUgvp'
34,b'I partnered up with @STYLEPOINTSCLUB and will be doing a Vbucks giveaway this Friday on my twitch channel. The stream starts at 6:30pm est and the giveaway will happen at some point during. Don\xe2\x80\x99t miss out. I have 2 codes to give away that night. #Fortnite #twitch #vbucksgiveaway https://t.co/Z75QaimReX'
35,b'Fun Times w/The Old Man #oldmanstreamer #smallstreamer #intothefog https://t.co/lhPXeUrgFL'
1,"b""BG for the one and only @ShimadaTiger it was really fun to get back into doing BG's and exciting to have the opportunity to make THE shimada dojo a reality!\n\n\xf0\x9f\x90\xafShimada Tiger is streaming her debut right now! Go watch! https://t.co/puqHhbNR0a \xf0\x9f\x90\xaf\xe2\x9c\x92\xef\xb8\x8f https://t.co/QIBtlk78bL"""
2,b'Check out my broadcast from my PlayStation 4! #PS4live (Bulletstorm: Full Clip Edition)  live at https://t.co/paOqAxhGuJ'
3,b'Hardcore Survival Day 1 https://t.co/Oh1jsJQ8wy'
4,"b""https://t.co/RGXsrrWXhU\n\xf0\x9f\x91\x80 Maybe go peep Matt's stream https://t.co/MqRxVgjgc3"""
5,"b'my twitch link, if you need it \xf0\x9f\xa6\x84'"
6,b'Join my discord server and follow my Twitch :)\nhttps://t.co/W5NayTyPiG\nhttps://t.co/DPhUKhue6i'
7,b'im live painting my hair omg https://t.co/IOJ3THhPis'
8,b'NEW SET SUB BADGES [DONE]\n\nclient project @theymyrmidon\n \nTHEME : SUB BADGES\n\nDM ME IF YOU INTERESTED \xf0\x9f\x93\xa9\xf0\x9f\x93\xa9\n\n#esportslogo #streamer #twitch #fortnite #callofduty #apexlegends #gaming #esports #cartoon #FallGuys\n#Epic #Logo #NBA2K21 #rocketleague \n@SGH_RTs #EMOTES #RainbowSixSiege https://t.co/vAzv3bNFEx'
9,b'ALSO https://t.co/CHhprWWVWR'
10,"b""\xf0\x9f\x93\xa3 I'm starting \xf0\x9f\x94\xb4 LIVE on #Fortnite !  https://t.co/A5t8ybus4i #wizebot #twitch"""
11,b'Go follow @guawpe_  on twitch'
12,b'Tonight on @ArcadePit \n\nat https://t.co/Nmy0T3pb9Y\n\nOkamiOfGames &amp; Polk_Kitsune\n                  vs.\n raqus42 &amp; thevoiceofdog\n \nStarting now!'
13,b'things you shouldn\xe2\x80\x99t do in a twitch chat; coming from a twitch mod:'
14,b'quickplay and comp stream new mic and 1st cam stream https://t.co/JRo6vrLMSF'
15,b'We gettin ready to do some hunts!  You in? https://t.co/hsMcKuP8xF https://t.co/kfTvS0ZmUb'
16,b'did u know u can sub to karl jacobs for free with twitch prime \n      - #honktwtselfieday (ft ted)\n        \xe2\x80\x94 rts are appreciated https://t.co/hiNefOWQDq'
17,"b'Will be on twitch in about 10 minutes, think of it as a fun  brunch hangout ruined by some guy showing you videos on his phone https://t.co/vLLc4Y2DAS https://t.co/YXHLKOeAk2'"
18,"b""Tonight around 8pm on Twitch, I will be taking you through the complex issue of climate change and how we can possibly solve it using the power of Owen Wilson's cock shaped nose, all through the medium of dance"""
19,"b'After a brief hiatus, weeknight streams return with a grand slam as we (hopefully) find true love in a high school sweetheart.\n\nPlus: Kelsey takes over Dollar Slice as the rest of the crew preps for a special Indiecast (more deets tbd)!\n\nSee you in chat!\nhttps://t.co/7WbaxVD7YP https://t.co/zTA1yiuA5F'"
20,b'We are about to be starting soon\n\nhttps://t.co/IjphW7Osgs'
21,b'Learning to drift! | GTA V Giveaway!! | OCE https://t.co/ZlInhGaBLa'
22,b'LIYON CLAN [DONE]\n\nclient project @ClanLiyon \n \nTHEME : TEAM LOGO\n\nDM ME IF YOU INTERESTED \xf0\x9f\x93\xa9\xf0\x9f\x93\xa9\n\n#esportslogo #streamer #twitch #fortnite #callofduty #apexlegends #gaming #esports #cartoon #FallGuys\n#Epic #Logo #NBA2K21 #rocketleague\n@SGH_RTs #Mascot #animals #liyon https://t.co/JMxmkPPNBE'
23,b'The Slot Squad have your Sunday nights covered!  Join @Kuryoku and @VinnyGoombatz for real money slots in the USA!  Live from 7pm on https://t.co/lMKxFebqj6'
24,"b""We're live now with @PennyforaTale for our #Necrobiotic one-shot! Come join myself, @vucarigaming, and @BigTexissimo as we delve into the world of future Florence.\n\nhttps://t.co/fAJHDF7Hch https://t.co/xF3MOZWKbc"""
25,b'streaming miri come say hi :3\n\nhttps://t.co/e96jOLkFJG\nhttps://t.co/e96jOLkFJG\nhttps://t.co/e96jOLkFJG https://t.co/ziHu7x2kjH'
26,b'@twitch_banks Well.. I mean are they mutually exclusive?! We can HANG AND BANG?!?!'
27,"b""Daddy Datin' Swampy Time | !charity to donate to Extra Life https://t.co/a9QLF0JK9G"""
28,"b""It's that time of the night and I'm playing #Skyrim tonight so I hope to see yall there!!  https://t.co/CgpkFIhoIA"""
29,b'[VTUBER (redebut april 25) i hate you all for making me play this/ happy 800 followers https://t.co/Fkav2mFoAY'
30,"b'Resident Evil 7! No sorry i cant afford big booba lady game, come watch live! https://t.co/SNIL31mGMc \nTags : \n#twitch #twitchstreamer #TwitchStreamers #twitchaffiliate #SupportSmallStreamers #SupportSmallStreams #SmallStreamersConnect #smallstreamers #ResidentEvil #residentevil7'"
31,"b""He's live! Pop in to lurk or just to say Hi :)   https://t.co/A6g4nBuj6S\n@BlazedRTs\n\n@sme_rt\n\n@SmallStreamersC\n\n@rtsmallstreams\n\n#smallstreamer\n#SmallStreamersConnect\n#SupportSmallStreams\n#SupportSmallStreamers"""
32,b'I was just followed by TheRenegadeSullivan on Twitch'
33,b'https://t.co/pgo8Usi3aT  gameing..!'
34,"b""Karl's feeling sweaty. I..... am getting there. \n\nDuos, Warzone\n https://t.co/IPR8hRTQI5"""
35,"b""@ausYenLoWang @slothrage @KylieBitkin @THEIR0NJEW Not like people use Twitter these days are your twitch and youtube your main account can't really tell since your views are so low"""
1,b'Stream starting soon!! I hope to see you there! \xf0\x9f\x91\x80 #labratlife @FireSticksGT @MzThermiteSSWI @Jayservin3 @slim_400 @MR_FLORIDA305 @GaMMaBanDz @SavvySells @SteelCityMac78 @NupeSkywalker @DaLabTv  https://t.co/Cby59nHYdJ'
2,"b""And LIVE!! The time has come to save mexico through the power of lucha!! Let's beat Guacamelee!! Join in! https://t.co/X44tq1jyKY"""
3,b'#Village demo in 3 minutes on @EasyAllies Twitch.\nhttps://t.co/TBa1Ouw0ZV'
4,b'\xf0\x9f\x94\xa5\xf0\x9f\x94\xa5 KNIFE GIVEAWAY \xf0\x9f\x94\xa5\xf0\x9f\x94\xa5\n\nhttps://t.co/FjpMdLhcCy \n\nTo enter you need to:\n\xe2\x9d\xa3\xef\xb8\x8fFollow me on twitter (@h0neyii)\n\xe2\x9d\xa3\xef\xb8\x8fRetweet &amp; Like\n\xe2\x9d\xa3\xef\xb8\x8fTag 2 friends \xf0\x9f\xa7\xb8\xf0\x9f\xa7\xb8\n\nAnnouncing the winner on Friday the 23rd\xf0\x9f\x8c\x9f https://t.co/iluPm3quAs'
5,b'hey thats a funny link you should press it https://t.co/7I5jTfV1IE'
6,b'Gamin Outchea https://t.co/jnVr3y7iiq'
7,b'We live\n\nhttps://t.co/LNSH0oU8YP'
8,b'Me: *struggles to read twitch chat*\nAlso me: *reads a whole article about ABA after just waking up*\n\xf0\x9f\x91\x81\xf0\x9f\x91\x84\xf0\x9f\x91\x81\xf0\x9f\x91\x8d'
9,b'im live https://t.co/Xsmy648vq1'
10,b'that\xe2\x80\x99s the damage control you get when your fav is flirting with hot footballer on twitch'
11,b'$1000 2v2 PRIME w/ @ilyZyrian \nVs\n2pac &amp; Yeez\n\nhttps://t.co/EFACrYzzxs'
12,"b""Nothing but EDM hits, remixes, and mashups! Let's RAGE!  https://t.co/dGfqeIQKOY"""
13,b'Check out my broadcast from my PlayStation 4! #PS4live (Apex Legends)  live at https://t.co/EEsWqH8V1W'
14,b'Got my first pay from Twitch! Thank you so much everyone! I can finally buy ice cream!'
15,b'RE Village Demo Finally!!!\n\nhttps://t.co/Q1GRHyDrRl'
16,b'Magblade PvP and our first community Vet Trial @ 6:30 pm PST! LETS GOOOOOOOOO!!!\n\nhttps://t.co/LZy5TiA72y\n\n#ESO #ESOFam #pvp #twitchstreamer #twitch'
17,"b'So, I promised a Twitch stream schedule for this week today. \nI will be aiming to stream 11am-2ish Monday through Friday, with Witcher 3 planned on Monday and Wednesday. \nTime to get pushing further on that path to affiliate'"
18,b'Grinding!!! | !twitter !merch !discord I https://t.co/gNCxrb1cPi'
19,b'$20 SOLO CUSTOM LOBBIES  https://t.co/ElT8IQAcMa'
20,b'Genshin abyss omg\n\nhttps://t.co/pOTcFebYiF'
21,b'The Gaxx Pack is LIVE! https://t.co/4apZdmCKql\n\n@BDaveWalters @VividVivka @quiddie @AdriosaGaming @16BitEric @jasoncmiller #dnd #dnd5e @dnd_retweets @DnDBeyond https://t.co/cYZ1SEgE36'
22,"b""I think i finally got my Cannon 50 settings where I like them.  I think #neversettle \nGoing live early to play some games and hang out with all of you. Ton's of yard ward to do tomorrow, so let's get some #ranked #valorant in !! \nhttps://t.co/JufygwIjqx"""
23,b'And we are LIVE! After some light arson and a successful theft the crew have acquired an airship! Now they take a moment to celebrate while discussing what to do next. #EveryoneDice #E1D #DnD #TTRPG #twitchstream #twitch\nhttps://t.co/HZMlLu8VY0'
24,b'Arma 3: Operation Kaskara M3 with the 17th BCT https://t.co/zTo7l5C7vu'
25,b'solo ranked vibes + a 1v1 with a kid from chat\nhttps://t.co/1LlrLHdLoR'
26,b'live now!\n\nhttps://t.co/PPFxGctY4X https://t.co/XruypQImF9'
27,b'come hop on and help out a good cause! https://t.co/ZmcipWqmHM'
28,"b""Tonight we're finishing up Pokemon XD Gale of Darkness!\n\nWon't you join me?\nhttps://t.co/4kcC7hG9fV"""
29,"b""Doin' a little more a Dark Soulsin' https://t.co/wqpBdqCoTX"""
30,b'would pornstars joining twitch to do hot tub streams be considered smurfing'
31,"b'Ripping a 50 bundle , so are @FeelThatPuIse &amp; @MajorHomerun https://t.co/KkCeo7eKyd'"
32,b'Finna lose some brain cells with friends! Come join us at 8PM EST! \n\nhttps://t.co/schc7neavi \n#UNO #twitch #stream #pain'
33,b'Back on and ready to Slay! !discord !Youtube https://t.co/6XES3gJ20j'
34,b'Come join us!!! We are playing in thr Tournament for @CrsedFOAD!!! #CuisineRoyal #CRSED  https://t.co/xbxf0dlR7C'
35,b'Playing some #HellLetLoose with @Rickshade tonight!! Come and hang out!! @fox_nekko @maxwellmydude @boy79 @TronMC @JarridVasquez \n\nhttps://t.co/Tasq0gjm4J'
1,"b""Not so Bunkers and Badasses \n\nI'm live with friends and borderlands 3!\n\nhttps://t.co/FIVtWNQ8E9"""
2,b'imposter vibez https://t.co/xYTCHQRY3W #twitch #smallstreamer #SmallStreamerCommunity #AmongUs @rtsmallstreams @promo_streams @SupportStreamz @Streamboosts #RazerStreamer @twitchpromoters #StreamersConnected @SmallStreamersR @TwitchBuds @TwitchHost @TwitchStreamSUP'
3,b'Best part of having my own house \xf0\x9f\x98\xb3 anime and cleaning the basement tonight (essentially unpacking bc I technically never really did) https://t.co/f6Bmj7XoH5'
4,b'streaming ash pugs https://t.co/GqXyEMFJeo'
5,b'Time for some more Pokemon Insurgence! We are live at https://t.co/A9LD0p6CmT'
6,"b""HEY GUYS! We're jumping into Redacre once again adventuring in @theblackoutclub with @kylegaddo @Will_Overgard (Who's also streaming!) and @LadyLecta! https://t.co/AOiscBWb2d https://t.co/hL9ZlnpzAT"""
7,"b'Detective Back Hertz and the bus brigade are back at it again, with more #evilwithin https://t.co/O9ym77qL5p https://t.co/j7eTjwO5If'"
8,b'@BigdjiRodgers @HorwitzEric @CryptoParadyme @Twitch Is it supposed to mean a little or a lot?'
9,b'@CathyCatRobins1 @rtsmallstreams @BlazedRTs @sme_rt @FMC_RTs @PromoteAMGamers @promo_streams Follow me! I am a chilled variety streamer that streams 4 days a week! Looking to grow my community so come and chill with me! https://t.co/1xV3mHVrbo'
10,b'Tonight in the world of hard game play?\nIt is time to put more work into the Celeste any% Speedrun!  \nGotta get gud before the 23rd\nGoing live at 8pm edt/-5gmt \nhttps://t.co/p83bpglvr7\nMaking hard games look easy. https://t.co/tMV97fL5Vc'
11,"b""Not so Bunkers and Badasses \n\nI'm live with friends and borderlands 3!\n\nhttps://t.co/FIVtWNQ8E9"""
12,b'Good morning \xe2\x98\x80\xef\xb8\x8f \n\nBig stream. Goin\xe2\x80\x99 all day baby! Giving away racks in merch &amp; cash-app too. Rollin\xe2\x80\x99 with Warzone into the Fortnite Tournament! See ya soon gang \xf0\x9f\x94\xa5\n\nhttps://t.co/Etk8WeG3Wa \n#MFAM | #FaZeUp https://t.co/VtQzEBbLNE'
13,b'Everyone go Follow Kyohm she is wonderful and making amazing videos on Twitch and Youtube! Juking Killers on the Dead by Daylight PTB update https://t.co/STo7oHaECo via @YouTube'
14,b'RATO CHILL MIENTRAS JUGAMOS #TLOZ BREATH OF THE WILD MODO EXPERTO!! \xf0\x9f\x94\xb4 \n\nSTREAM: https://t.co/6KXVUB77df'
15,b'[Vtuber] Flying Rock And Frog Girl Become Good Parents Hopefully? https://t.co/n2bSyusuUg'
16,b'Desiging a fursona! https://t.co/YJEAosUkip'
17,b'@poessidan ok Julia (NOT TWITCH PROM THO)'
18,b'@kandi_gaming Followed!\nThanks for sharing your links! \nFollow me and I will follow you\nLet me know if you have any other accounts I can follows to help you out \xf0\x9f\x91\x8d\xf0\x9f\x8f\xbc\xf0\x9f\x94\xa5\n\nTwitch\n\nhttps://t.co/HFSuMH8mKR\n\nYouTube\n\nhttps://t.co/ZdLHHfX9iD'
19,b'WE LIVE\nhttps://t.co/BZWy4oE6LO\nhttps://t.co/BZWy4oE6LO\nhttps://t.co/BZWy4oE6LO'
20,b'hi mr beast! how are you today? https://t.co/gDcq6zrkYA'
21,b'Check out WARZONE https://t.co/r6SH6zU59L'
22,"b""This isn't amateur hour! I'm still crushing some First Class Trouble.\nhttps://t.co/mEdDrt3gmh"""
23,b'golden deer but older https://t.co/8QogeRmr6t'
24,b'8:15 baby!! We going live all night!! \xf0\x9f\x92\xaa\xf0\x9f\x8f\xbd\xf0\x9f\x92\xaa\xf0\x9f\x8f\xbd come by the stream and say hi! A little warzone with the boys and drinks of course \xf0\x9f\x94\xa5\xf0\x9f\x94\xa5 https://t.co/p70iD8pvK7 https://t.co/ZZwEmK0Kvv'
25,b'UNCAPPED SUBATHON COME THRU https://t.co/NMOX9ipspt'
26,b'Running some Black ops \n\nhttps://t.co/O3YvWwNCDm'
27,"b'Live! Vibin in Verdansk on #Warzone once again tonight, come hang out\nhttps://t.co/VkDoJOUC3V'"
28,b'Tonight! @4MonsterFactory\n\nWatch at 8pm! LIVE! \n\nOn Twitch:\nhttps://t.co/mHhZ65YjDh\n\nOn Youtube: \nhttps://t.co/UdPZdpuIvg https://t.co/GdAMPEI8uX'
29,b'MLB Wagers https://t.co/PxQ1NQf37u'
30,"b""https://t.co/gWtFGgKaVU I'm commentating top 8 for this cool tournament, come through"""
31,b'my gawd https://t.co/AUoSdJxNo2'
32,"b""First Persona 4 Golden playthrough\nYukiko's Castle and beyond?\nhttps://t.co/unfvR8MMSc"""
33,b'Tourney time! https://t.co/d1kJA7JcBw https://t.co/BLYcsDOYKR'
34,"b""OMG! Got my first payment from twitch\xe2\x98\xba\xef\xb8\x8f.  Super thank you for all the people who supported me on my affiliate journey. I'll save it to get a good gaming pc. \xe2\x98\xba\xef\xb8\x8f\xf0\x9f\x99\x8f\xf0\x9f\xa5\xb0"""
35,"b'To the Twitch followers of eaJParkOfficial and Youtube subscribers of eaJmusic@youtube. com\n\nI would like you to meet Jae Park, the main vocalist and lead guitarist of the band called DAY6 https://t.co/XQo8M3oSGF'"
1,"b""Check out IMPACT! TONIGHT at 8/7c - Omega and Swann Press Conference, Jazz's Retirement, TJP vs. Alexander and MORE!  https://t.co/0XXXzMp8bY"""
2,b'Streaming Celeste Forsaken City PB attempts! Going for Sub-1:05! https://t.co/2xuy6R6uvS'
3,"b""WE'RE LIVE! The boys are joined by Bailey and Jess for this week's happy hour!\n\nhttps://t.co/Bra4Nf2ioT\n@objsucks @jess.whitney @handsomeadult @dannycuneo"""
4,b'Alright we are live leveling up the new pistols! Then over the resurgence so we can hunt! Come join the rest of the beast brigade in the fun!! https://t.co/pMopGDEV7n'
5,b'Gotta keep it pushing  https://t.co/NeGTJGixDb'
6,b'https://t.co/obWYZfE6eX streaming some ac!'
7,"b""Are you doing nothing, bored, need some entertainment? Well check out @PreGamingGG's The Nest! Tonight (RIGHT NOW) @ https://t.co/CU843HRUtk @PreGamingGG x @PreSupports #Pre #FlyHigh \n\nLET'S GO FAMILY COMMUNITY TIME WITH THE BEST! \xf0\x9f\x98\x84"""
8,b'ZLeague Tournament  (Rest easy pooka) https://t.co/Q534kpRMGV'
9,b'KH2 Final Mix Level 1 Critical | WHY DID YOU GUYS WANT ME TO DO THIS?! https://t.co/mTZSJz7I8F'
10,"b""Hey, I'm streaming, why not stop in and chat??\n\n#gamergirls #twitch #twitchaffiliate #twitchstreamer #stream #ThirstyThursday \n#LetsGo"""
11,"b""Hello hello everyone! Im currently live with Aichi for some Salmon Run (Splatoon2) https://t.co/v1lZeE7q2M\n\nFor Aichi's channel --&gt; https://t.co/OJPeIcCzcQ"""
12,b'last_red_ninja appears from the shadows! come say hi wink wink https://t.co/GdFdNFtE6z'
13,"b'// noise , glitch effect\n\ndrew dreamxd but hes Basically a god LOL!! streamed live on twitch, ty for joining :DD\n\n(UNTAG WHEN REPLYING PLS THANK U)\n#dreamfanart https://t.co/szh5G2fLCK'"
14,"b""We're doing even more sidequesting today... When will it end!?\n\nCome hang out at https://t.co/2YGi7l66Zv\n\n#twitchstreamer #SmallStreamersConnect #RoadToAffiliate #twitchtv #twitchaffiliate"""
15,b'Some quick doodles of Athena\n.\n#digitalart #ArtistOnTwitter #artist #art #doodle #sketch #sketches #poses #SupportSmallStreamers #support #characterdesign #fantasy #TwitchStreamers #twitch #follow #like #Twitter #commissions #FYP https://t.co/YvBiICNFSC'
16,"b""Trying out April's free game ~~~~~~ 30+ weeb who just can't quit loving video games and anime  https://t.co/gR4Xawzf9h"""
17,b'Going to hang out with popular Minecraft streamer \n@mmmmmmmmiller so we can talk about the newest things coming to the game. \n\nWe also may talk about @PlayAvengers.\n\nhttps://t.co/TCQybPWeQX'
18,b'teaching a frog how to build in minecraft (@BoomrNA) \n!!!!\n\nhttps://t.co/Hg65HJm7Dp https://t.co/RXx9jb2aQ6'
19,b'At least nothing else could possibly go wrong. Join us at 6pmPDT/9pmEDT for Churn &amp; Burn. https://t.co/gTBv2ifW3J\n@theSlowpool @mcatterdev @WerewolfFeels @whiskey_hicks \n#TheExpanse #TTRP #actualplay #roll20spotlight @GreenRoninPub #live #twitch https://t.co/wxDizbHZSK'
20,"b""(Retweets are appreciated!)\nIcons, Chibis, Twitch Emotes, other commissions are open!\n\nPM me here on twitter if interested, payment is only through Paypal (or if you're in the \xf0\x9f\x87\xb5\xf0\x9f\x87\xad, GCash is fine)\n\nCheck this carrd for terms and conditions before messaging: https://t.co/p45DMFC6aP https://t.co/b5XGOTjVAJ"""
21,"b""VIBES LIKE NO OTHER! Let's get it! Squad @Karbon4444 @HatedPlays YEEE!\nhttps://t.co/KvXYocODnH"""
22,"b'Be sure to sign up for The Gulag bi-weekly, tonight at 8PM (EST). Signups close at 6.\n\nRegister: https://t.co/4HeELtBvpp\nTune in: https://t.co/LnrtaYQIgU\nOn mic: @RyenV1 &amp; @iambic_feet \n\nCheck out the @matcherino_\nhttps://t.co/Du5QnwTM8l - IppGulag9 to donate $0.50 free!'"
23,"b'\xf0\x9f\x94\xb4 Live now with @SemiTtv playing #EscapefromTarkov. Come chat and hang out with us, should be a fun night!\n\nhttps://t.co/c5RYvMW1gk\n\nhttps://t.co/0DnKSaOY0Q\n\n#twitch #twitchstreamer #twitchtv #smallstreamer #smallstreamercommunity #streamer  #vibing #fun #live #livestream'"
24,"b""https://t.co/bGZTRvwvbI We're Vikings again! Switching over to Valheim! #Vstreamer\n#Vtuber #VtuberEN #VstreamerEN #Kawaii #mystreamison #smallstreamer #SmallStreamersConnect \n#SupportSmallStreams \n#SupportSmallStreamers"""
25,b'F/A \n\n4K earned \n2500 en Tw\n500 en IG\n3k en twitch \nRT y V se aprecian'
26,b'Playing with my girlfriend!!! https://t.co/MP8cssITcS'
27,b'#ReelyScared is going live now! We\xe2\x80\x99re joined by the great @patrickcotnoir and @connorratliff of @GLucasTalkShow and @planetscumlive fame!\n\nCome hang out and talk Abbott and Costello and horror movies with us tonight!\n\nhttps://t.co/J0U8VU0TZo'
28,b'CONGRATULATIONS JENNA AND JULIEN ON THE ENGAGEMENT!!!\xf0\x9f\x92\x8d\xf0\x9f\x92\x9e\xf0\x9f\x92\x9e\xf0\x9f\x92\x9e @juliensolomita \nhttps://t.co/LAeUW9wSzH https://t.co/MoEqihxzGB'
29,b'Stream is live! Streaming with @Charkkyy and @RyleySelene right now so come hangout with us! https://t.co/5HGkD9YCLp'
30,b'Streaming Toontown Rewritten because I can and you cannot stop me https://t.co/dZPqGMcQAb'
31,b'#PS4live#Theboy809 #TTV #Warzone #Follow #Share #Join #RT @rtsmallstreams #COD #GG #Support #Gaming #Season live at https://t.co/cfg4zg2VAW'
32,"b""It's time to begin Chapter 2 in Lapis Tactics! Come see if my mod will beat me!\nhttps://t.co/qzKiyMnZZN"""
33,b'.@ESEA PREMIER UPPER BRACKET FINAL TIME \xe2\x8f\xb0\n\nLIVE against @TriumphGamingGG on NUKE for the first map of this exciting BO3! \n\nTune in to see if we make it into the Grand Final for a shot at EPL next season! #BnBtotheMoon \xf0\x9f\xa7\xb8\xf0\x9f\x9a\x80\n\n\xf0\x9f\x8e\x99\xef\xb8\x8f https://t.co/QLIIAkjGhN https://t.co/cUInAG0mNb'
34,"b'@DrBrianMay Hi Brian! sorry to bother you, i was wondering if there was a way that you can congratulate Reborn_Live for his first year anniversary on twitch, he\xc2\xb4s one of your biggest fan. (If you dont mind, a video will be really appreciated), Thank you.\nhttps://t.co/xA98VrHLtE'"
35,b'#ReelyScared is going live now! We\xe2\x80\x99re joined by the great @patrickcotnoir and @connorratliff of @GLucasTalkShow and @planetscumlive fame!\n\nCome hang out and talk Abbott and Costello and horror movies with us tonight!\n\nhttps://t.co/J0U8VU0TZo'
1,"b""Oh, it's happening AGAIN! I'll be streaming some cutfile making and shootin' the breeze with the good folks who drop in. Wait - this happens EVERY Wednesday night at 8:30PM EST? Oh sweet! That's a pretty easy schedule to follow. Speaking of follow... https://t.co/IGCRsZO20A"""
2,b'Live on Twitch! Playing DFFOO Global and then Disgaea RPG afterwards. #dffoo\nhttps://t.co/FDJhXqGjjU'
3,"b""Friendsies~\nDJ Minra in the houuuuuussseeee\xe2\x9d\x97\xe2\x9d\x97\xe2\x9d\x97\nI wana see you all cheer, and party like it's 2019\xe2\x9d\x97\xe2\x9d\x97 Let's all make some noize\xf0\x9f\x92\x9c\xf0\x9f\x92\x9c\xf0\x9f\x92\x9c\n\n\xf0\x9f\x8e\xb5Stream starting now\xf0\x9f\x8e\xb5\n\nTwitch: https://t.co/vrBwWiIagv\n\n#Vtuber #ENVtuber #VTuberUprising"""
4,b'@AmelieWoodriff @BlazedRTs @sme_rt @FMC_RTs @PromoteAMGamers @rtsmallstreams @SupStreamers @promo_streams I not stream tonight but some who like to check out my twitch and like to support it.\nCome follow me \nhttps://t.co/73XbYVBIqm'
5,b'https://t.co/e2yX46tUm9 osu with a suit bc smort'
6,b'[ENVtuber] Woo Sailing Woo BOAT Wind Waker https://t.co/qul8n8tF2R'
7,b'Playing ERBS with @charlotte_vt soon!!\n\nMultistream link:\nhttps://t.co/v8ZejilkRC\n\nhttps://t.co/P72gJ4scYK'
8,b'@sabpie_ @Twitch I\xe2\x80\x99m still waiting'
9,b'JUST A REMINDER THAT I STILL WORK IN ACCOUNTING &amp; IT\xe2\x80\x99S BORING SO IF YOU WOULD LIKE TO GIVE ME A FOLLOW ON https://t.co/RahbFBFzuK AND/OR RETWEET THIS IT WOULD BE GREATLY APPRECIATED. THANKS SEXIES'
10,b'SUBATHON\n\nhttps://t.co/aDranN6Jc5\n\n(RTs and Likes appreciated)'
11,b'#NewMemberAlert\n\nWe would like to welcome @destrroyo as a new member of our stream team! \n\nMake sure you give him a follow on twitter and twitch (https://t.co/ZGOhAD3lEP) and give him a warm welcome to the #SwayFam!'
12,b'https://t.co/X0AiK1lDy5 playing it takes two with DGN forgot to tweet it out'
13,b'#Twitch #MegaManMarino #PS4Live #MarvelvsCapcom #Infinite #Like #Follow #Subscribe  live at https://t.co/CCHaOCStSi'
14,b'Check out Fuzion vs Grimm Warfare !match !W https://t.co/GGdwjFRJEr'
15,b'Live now!!! RE HYPE!!! https://t.co/JtkLKajtD4 \n\n#smallstreamer #SmallStreamersConnect #supportsmallstreamers #SupportSmallStreams \n@SmallStreamersC\n@SupportStreamz\n@rtsmallstreams\n@SmallStreamersR\n@twitchtvhost\n@StreamerComm\n@promo_streams'
16,b'Will We Make a Banger??? https://t.co/q4OZS0Hwtr'
17,b'WIP Wednesday - Animating live in @procreate  https://t.co/r53zcUcbnv'
18,b'We are Live come hang out and chill\nhttps://t.co/tvnabTQIrG'
19,"b""DRAFT DAY 13! I'll be going live tonight at 6pm to get ready for the #KOF15 character reveal! https://t.co/Fsc1kZymSG"""
20,b'stream will happen tonight and soon\n\nhttps://t.co/dWUdoNO02T'
21,b'live! playing valo maybe apex maybe cs who knows https://t.co/1EIMKHY8Ns #smallstreamer #SmallStreamersConnect #pathtoaffiliate'
22,b'Ayy gona be doin more shark things on stream today as we play some more Maneater \n\nLive in 1 hour at https://t.co/cdnPcEQy9O'
23,b'Our hot girls (and guy) are LIVE! Join us \xe2\x80\x94&gt; https://t.co/tVLK7MkRqj \xf0\x9f\x94\xa5 \xf0\x9f\x94\xa5 \xf0\x9f\x94\xa5 https://t.co/rdvksmcSsH'
24,"b""LIVE! Let's villager hunt and play some bingo! Come join the Happy Fam!  https://t.co/SsFBI14Z17"""
25,"b""HUMP DAY WITH HOUSE BLALACK! Let's ID some ghosts!!! 8 PM PDT on https://t.co/Cqd7QpbhZn \n\n#HouseBlalack #Gaming #TwitchAffiliate #Livestream #AsianAmerican #Filipino #Korean https://t.co/hQeCyVfILY"""
26,b'Shoutout to one of my favorite twitch streamers @umAshten for getting partner today!  You deserve this!   I love being apart of this wonderful community!'
27,"b""I'M LIVE! https://t.co/TQiith5I40"""
28,b'We are \xf0\x9f\x94\xb4LIVE\xf0\x9f\x94\xb4 with Group 1 of #MastersSpring \xf0\x9f\x8c\x8eNorth America Semi Finals Day 1!\n\n\xf0\x9f\x8e\x99\xef\xb8\x8f @Brav &amp; @OnsetMTH\n\n\xf0\x9f\x96\xa5\xef\xb8\x8f https://t.co/HX6uuU7W8f https://t.co/GdWbpsjZrm'
29,b'Teaching Minecraft The Hard Way with Kirb_Stomp64! Day 2 https://t.co/TLhJaNWxLc'
30,b'who need them feet pics. @ArKneeJay  \nhttps://t.co/uHWhKoP3T5'
31,b'SOUL OF ROCK TIME! I\xe2\x80\x99m streaming Pok\xc3\xa9mon Sword/Shield on Twitch right now! Come hang out and say hello! \n\n#shinyhunting #pokemon #twitchstreamer\n\nhttps://t.co/fScmnghqy5'
32,b'currently streaming sims 4. \xf0\x9f\x98\x9dhttps://t.co/6Lv3mmbo3w'
33,b'Hey follow me on Twitch live at https://t.co/9rOo3I5Akg'
34,b'first time for everything lol Minecraft w Friends https://t.co/q3FeGfHI1U'
35,b'posting ass if u unban adin rn @Twitch'
1,b'I\xe2\x80\x99m live. https://t.co/5JqTjqSKbg'
2,b'GIVEAWAY! Head over to TWITCH! https://t.co/Fl5bTiCfMh'
3,b'ONLINE!!!\n\nTomb Raider(2013) &gt; Parte 8 https://t.co/bj3v2dN8u8'
4,b'Day ten of Ogre Battle 64. The end is near. https://t.co/kls9AkRsqX'
5,"b'going live with @zomB96, @SkolNoles &amp; @Bruins1924 joining us shortly! come hang gang &lt;3 https://t.co/lKbdZPgUdc'"
6,b'hannahxxrose entrou em live!\n\nThe Return of Hannahxxrose \xf0\x9f\x8c\xb9 Minecraft Bedwars on Hypixel! \nhttps://t.co/zKfUls8NXD'
7,b'Giving away 3 memberships tomorrow on the live stream at 12:30 PM EST thanks to a happy member who won a couple thousand dollars &amp; wants to do this\xf0\x9f\xa4\x97\n\n\xf0\x9f\x9a\xa8 To be eligible \xf0\x9f\x9a\xa8\n1. Retweet\n2. Watch live on Twitch or YouTube\nTwitch https://t.co/es6h5HKkCl\nYouTube https://t.co/HfdvWvroyi'
8,"b'Live NOW at https://t.co/tkVzGu4Esj! \n\nWill tonight be the night we FINALLY get the shiny Yamper or Shinx? Probably not, but we can dream! \xf0\x9f\x98\x82\n\n#smallstreamers #smallstreamer #twitch #TwitchStreamers #Pokemon #PokemonSwordandShield #shinypokemon #twitchaffiliate'"
9,b'Duels practice! https://t.co/97HyStSoAw'
10,"b""Necrozma DA's and Sinnoh starter! - Pick starter with points - !recent, !disc, !yt, !twit, #TeamHighbrid https://t.co/m1hz6CJyiK"""
11,"b""Need more #dnd5e actual play in your life? We're launching our first ever live show on https://t.co/XCS1OnMvmZ for Road to Battle of the Bards by @GildingLight and @ApotheosisStu! #dnd\n\nWatch Theo and @satinephoenix introduce the show and its premise at: https://t.co/fhmOunrtET https://t.co/2I0j0AcnJw"""
12,b'WE HIT PLAT #ROADTOMASTERS https://t.co/3uMGJ0VHuN'
13,b'WE RANK UP OR DIE TRYING https://t.co/wgqbUxVIGf'
14,b'Live and Farmin. I always knew the city life wasn\xe2\x80\x99t for me.  #StardewValley \n\nhttps://t.co/580Wpcuy0m https://t.co/33tcaOBqQx'
15,"b""Time to join the horde of people reading the @pathofexile Patch Notes. Let's hope it all got nerfed and buffed at the same time!\n\n[LIVE] https://t.co/4DVx396J9m"""
16,"b""wait, this isn't val || im gonna be vibing come on in https://t.co/Kprze4ljEc"""
17,b'Bought to start my crowd control run of dark souls 1\nFISTS ONLY \nAHHHHHHHHHH ITS FISTING TIME!\n#darksouls @darksouls1 #darksoulremaster #challengerun  #twitch @Twitch   @DarkSoulsGame  #crowdcontrol\nhttps://t.co/KZ4WddcOdE'
18,b'Tuesday means Fusday! https://t.co/rteKzOAeKO'
19,b'Stream in an hour! Playing more PARADISE KILLER!!! A tropical island made of murderous intent and cum gutters! https://t.co/ZQwj2LCK0r'
20,"b""Session Zero of Mask of Nyarlathotep mega Call of #Cthulhu campaign.\n\nCome see what it takes to create 1920's victims for our new upcoming show.\n\nhttps://t.co/ULRDOZp1Ws\n\n#Roll20Spotlight #Roleplay #VirtualPlay https://t.co/UxX9kvaVV6"""
21,b'Go Team Venture!  Diamond Dotz &amp; Chill !discord !social https://t.co/1LWMw8JH72'
22,b'Secret of Mana (SNES) - New Game - Retro https://t.co/LyxEPl4yVG'
23,b'HEY YOU! What are you doing scrolling\xe2\x80\x99 on Twitter\xe2\x80\xbd \ndon\xe2\x80\x99t you know it\xe2\x80\x99s time for the \n\xf0\x9f\x8e\xaaCIRQUE LE JERK\xf0\x9f\x8e\xaa?\n\nJoin us now for the coziest concert in cyberspace at https://t.co/xqa1CUTCTw https://t.co/HkN7WZa3sl'
24,b'How many times will I scream during this stream? WHO KNOWS COME FIND OUT - https://t.co/2Adr8kwC8h'
25,"b""ECS Tournament Sign-Ups Start To Day ~ Let's Talk About These Archetypes https://t.co/tTGwGa0uwl @CrowfallGame"""
26,"b""@Twitch can you make a thing that I can use my prime to gift a sub? Streamers, eg @LudwigAhgren doing 1sub = 5 dollars to charity is so cool, but I can't use my prime becuase im already subbed. I think it would be a cool feature in general :D"""
27,b'Fr/En Eternal Kingdom fun run Heroic Castle nathria https://t.co/CXRAYJ4zTO'
28,b'Sale on all promotions!\nhttps://t.co/tCD8uS7Fyz #SupportSmallStreamers @SupStreamers @TwitchTVOnline @DripRT @shoutgamers @OwlRTz @BlazedRTs @FameRTR @SGH_RTs #CGN @cgndotus #gaming @PromoteStreamer #giveaway @CallofDuty #PS5 #XboxSeriesX #OUTRIDERS #twitch #ResidentEvilVillage'
29,"b'Prepare for your daily dose of Pok\xc3\xa9mon on Twitch! \n\nTune in for more #PokemonTheSeries episodes on Tuesday and Thursday, plus the best highlights in #PokemonVG competition from EUIC! \n\n\xf0\x9f\x91\x89 Watch now: https://t.co/VCl1NYTs4g https://t.co/NfigzUtrCw'"
30,b'\xe2\x9c\xa8reset and ready for anything\xe2\x9c\xa8!discord !socials https://t.co/SuRA8YpMCl #deadbydaylight #dbd #intothefog #teamb42'
31,b'\xf0\x9f\xa6\x8a Catch me rocking the blue light glasses that I forgot I had on \xf0\x9f\x98\x82 \nBut hells yeah on a triple kill in #RainbowSixSiege \xf0\x9f\xa4\x98 @BSG_Gaming_\n#twitch #twitchstreamer #twitchclips\nhttps://t.co/ipRpgKnq6B'
32,b'can i finish dark souls 3 tonight??? https://t.co/tqTq9Pgk6b'
33,b'WE LIVE! RESURGENCE TOURNAMENT!  https://t.co/D4hCWXRP2E'
34,b'\xf0\x9f\x96\xa4\xf0\x9f\x92\x9c SOLOQ - The BEST https://t.co/97HMCqzpuE'
35,b'Going live with our second ever PPV #MeteorShower come and tune into all the action! \n\nWatch https://t.co/rEvgQXw6g4'
